文件名,参数类型,参数值,行业基准,数值偏离度,共识度(Lift),判定状态,诊断理由
中国科学院昆明植物研究所GPU服务器采购项目公开招标技术需求.docx,CPU,64,24,166.67%,1.75,冗余态,"虽为主流技术, 但超出宽限阈值(+166.7% > +30%), 存在效能溢出"
中国科学院昆明植物研究所GPU服务器采购项目公开招标技术需求.docx,内存,80,64,25.00%,0.19,控标态,"缺乏行业共识(Lift=0.19<0.7), 疑似排他性参数"
中国科学院昆明植物研究所GPU服务器采购项目公开招标技术需求.docx,硬盘,3098624,30720,9986.67%,0.6,控标态,"缺乏行业共识(Lift=0.60<0.7), 疑似排他性参数"
上海交通大学医学院附属第九人民医院高性能计算计算节点服务器.docx,内存,25,64,-60.94%,1.88,瓶颈态,"虽为主流技术, 但配置不足(-60.9% < -30%), 存在性能短板"
上海交通大学医学院附属第九人民医院高性能计算计算节点服务器.docx,硬盘,4096,30720,-86.67%,4.19,瓶颈态,"虽为主流技术, 但配置不足(-86.7% < -30%), 存在性能短板"
中国科学院计算技术研究所高性能计算服务器设备采购项目需求.docx,CPU,32,24,33.33%,5.68,冗余态,"虽为主流技术, 但超出宽限阈值(+33.3% > +30%), 存在效能溢出"
中国科学院计算技术研究所高性能计算服务器设备采购项目需求.docx,内存,64,64,0.00%,4.7,理想态,"符合行业主流, 数值在容忍区间内(+0.0%)"
中国科学院计算技术研究所高性能计算服务器设备采购项目需求.docx,硬盘,972800,30720,3066.67%,0.6,控标态,"缺乏行业共识(Lift=0.60<0.7), 疑似排他性参数"
上海市第六人民医院安徽医院DMZ服务器存储采购.docx,CPU,32,24,33.33%,5.68,冗余态,"虽为主流技术, 但超出宽限阈值(+33.3% > +30%), 存在效能溢出"
上海市第六人民医院安徽医院DMZ服务器存储采购.docx,内存,40,64,-37.50%,1.13,瓶颈态,"虽为主流技术, 但配置不足(-37.5% < -30%), 存在性能短板"
上海市第六人民医院安徽医院DMZ服务器存储采购.docx,硬盘,81920,30720,166.67%,3.59,冗余态,"虽为主流技术, 但超出宽限阈值(+166.7% > +30%), 存在效能溢出"
北京师范大学智能计算服务器采购需求.docx,CPU,48,24,100.00%,2.18,冗余态,"虽为主流技术, 但超出宽限阈值(+100.0% > +30%), 存在效能溢出"
北京师范大学智能计算服务器采购需求.docx,内存,64,64,0.00%,4.7,理想态,"符合行业主流, 数值在容忍区间内(+0.0%)"
北京师范大学智能计算服务器采购需求.docx,硬盘,68608,30720,123.33%,0.6,控标态,"缺乏行业共识(Lift=0.60<0.7), 疑似排他性参数"
北京邮电大学高性能计算服务器采购项目公开招标公告.docx,CPU,48,24,100.00%,2.18,冗余态,"虽为主流技术, 但超出宽限阈值(+100.0% > +30%), 存在效能溢出"
北京邮电大学高性能计算服务器采购项目公开招标公告.docx,内存,900,64,1306.25%,0.19,控标态,"缺乏行业共识(Lift=0.19<0.7), 疑似排他性参数"
北京邮电大学高性能计算服务器采购项目公开招标公告.docx,硬盘,30720000,30720,99900.00%,0.6,控标态,"缺乏行业共识(Lift=0.60<0.7), 疑似排他性参数"
南京市临床大数据平台深度学习服务器采购公告.docx,CPU,128,24,433.33%,0.44,控标态,"缺乏行业共识(Lift=0.44<0.7), 疑似排他性参数"
南京市临床大数据平台深度学习服务器采购公告.docx,内存,25,64,-60.94%,1.88,瓶颈态,"虽为主流技术, 但配置不足(-60.9% < -30%), 存在性能短板"
南京市临床大数据平台深度学习服务器采购公告.docx,硬盘,1638400,30720,5233.33%,0.6,控标态,"缺乏行业共识(Lift=0.60<0.7), 疑似排他性参数"
南京鼓楼医院GPU服务器采购公告.docx,CPU,48,24,100.00%,2.18,冗余态,"虽为主流技术, 但超出宽限阈值(+100.0% > +30%), 存在效能溢出"
南京鼓楼医院GPU服务器采购公告.docx,内存,200,64,212.50%,0.56,控标态,"缺乏行业共识(Lift=0.56<0.7), 疑似排他性参数"
南京鼓楼医院GPU服务器采购公告.docx,硬盘,3932,30720,-87.20%,1.8,瓶颈态,"虽为主流技术, 但配置不足(-87.2% < -30%), 存在性能短板"
中山大学附属第三医院肇庆医院二期建设项目服务器集群建设项目（一期）招标文件（2025022103）.docx,CPU,11,24,-54.17%,0.22,瓶颈态,"非主流低配(Lift=0.22), 且显著低于基准(-54.2%)"
中山大学附属第三医院肇庆医院二期建设项目服务器集群建设项目（一期）招标文件（2025022103）.docx,内存,40,64,-37.50%,1.13,瓶颈态,"虽为主流技术, 但配置不足(-37.5% < -30%), 存在性能短板"
中山大学附属第三医院肇庆医院二期建设项目服务器集群建设项目（一期）招标文件（2025022103）.docx,硬盘,8192,30720,-73.33%,3.59,瓶颈态,"虽为主流技术, 但配置不足(-73.3% < -30%), 存在性能短板"
南医大二附院超融合服务器采购文件.docx,CPU,32,24,33.33%,5.68,冗余态,"虽为主流技术, 但超出宽限阈值(+33.3% > +30%), 存在效能溢出"
南医大二附院超融合服务器采购文件.docx,内存,40,64,-37.50%,1.13,瓶颈态,"虽为主流技术, 但配置不足(-37.5% < -30%), 存在性能短板"
南医大二附院超融合服务器采购文件.docx,硬盘,12288,30720,-60.00%,1.8,瓶颈态,"虽为主流技术, 但配置不足(-60.0% < -30%), 存在性能短板"
云南省保山市第二人民医院AI服务器采购.docx,内存,64,64,0.00%,4.7,理想态,"符合行业主流, 数值在容忍区间内(+0.0%)"
云南省保山市第二人民医院AI服务器采购.docx,硬盘,204800,30720,566.67%,0.6,控标态,"缺乏行业共识(Lift=0.60<0.7), 疑似排他性参数"
南通市公积金管理中心2025年度小型机服务器、存储设备、网络设备等硬件维保采购项目采购公告.docx,CPU,8,24,-66.67%,2.62,瓶颈态,"虽为主流技术, 但配置不足(-66.7% < -30%), 存在性能短板"
南通市公积金管理中心2025年度小型机服务器、存储设备、网络设备等硬件维保采购项目采购公告.docx,内存,16,64,-75.00%,1.88,瓶颈态,"虽为主流技术, 但配置不足(-75.0% < -30%), 存在性能短板"
南通市公积金管理中心2025年度小型机服务器、存储设备、网络设备等硬件维保采购项目采购公告.docx,硬盘,6144,30720,-80.00%,1.8,瓶颈态,"虽为主流技术, 但配置不足(-80.0% < -30%), 存在性能短板"
丽水市中心医院服务器采购项目.docx,CPU,32,24,33.33%,5.68,冗余态,"虽为主流技术, 但超出宽限阈值(+33.3% > +30%), 存在效能溢出"
丽水市中心医院服务器采购项目.docx,内存,100,64,56.25%,0.56,控标态,"缺乏行业共识(Lift=0.56<0.7), 疑似排他性参数"
丽水市中心医院服务器采购项目.docx,硬盘,7864,30720,-74.40%,1.2,瓶颈态,"虽为主流技术, 但配置不足(-74.4% < -30%), 存在性能短板"
厦门大学附属第一医院算力服务器采购项目.docx,CPU,4,24,-83.33%,1.97,瓶颈态,"虽为主流技术, 但配置不足(-83.3% < -30%), 存在性能短板"
厦门大学附属第一医院算力服务器采购项目.docx,内存,64,64,0.00%,4.7,理想态,"符合行业主流, 数值在容忍区间内(+0.0%)"
厦门大学附属第一医院算力服务器采购项目.docx,硬盘,112640,30720,266.67%,0.6,控标态,"缺乏行业共识(Lift=0.60<0.7), 疑似排他性参数"
国家儿童肿瘤监测平台呼吸系统恶性肿瘤专病库建设服务器采购项目招标采购需求.docx,CPU,8,24,-66.67%,2.62,瓶颈态,"虽为主流技术, 但配置不足(-66.7% < -30%), 存在性能短板"
国家儿童肿瘤监测平台呼吸系统恶性肿瘤专病库建设服务器采购项目招标采购需求.docx,内存,32,64,-50.00%,4.32,瓶颈态,"虽为主流技术, 但配置不足(-50.0% < -30%), 存在性能短板"
国家儿童肿瘤监测平台呼吸系统恶性肿瘤专病库建设服务器采购项目招标采购需求.docx,硬盘,1966,30720,-93.60%,0.6,瓶颈态,"非主流低配(Lift=0.60), 且显著低于基准(-93.6%)"
大田总医院数据中心云计算服务器平台等扩容建设项目.docx,CPU,32,24,33.33%,5.68,冗余态,"虽为主流技术, 但超出宽限阈值(+33.3% > +30%), 存在效能溢出"
大田总医院数据中心云计算服务器平台等扩容建设项目.docx,内存,1024,64,1500.00%,0.75,冗余态,"虽为主流技术, 但超出宽限阈值(+1500.0% > +30%), 存在效能溢出"
大田总医院数据中心云计算服务器平台等扩容建设项目.docx,硬盘,49152,30720,60.00%,1.2,冗余态,"虽为主流技术, 但超出宽限阈值(+60.0% > +30%), 存在效能溢出"
台州市第一人民医院新院区服务器采购项目的公开招标.docx,CPU,4,24,-83.33%,1.97,瓶颈态,"虽为主流技术, 但配置不足(-83.3% < -30%), 存在性能短板"
台州市第一人民医院新院区服务器采购项目的公开招标.docx,内存,64,64,0.00%,4.7,理想态,"符合行业主流, 数值在容忍区间内(+0.0%)"
台州市第一人民医院新院区服务器采购项目的公开招标.docx,硬盘,1920,30720,-93.75%,0.6,瓶颈态,"非主流低配(Lift=0.60), 且显著低于基准(-93.8%)"
大理大学新商科人工智能教学科研一体化平台设备及深度学习服务器.docx,CPU,40,24,66.67%,0.22,控标态,"缺乏行业共识(Lift=0.22<0.7), 疑似排他性参数"
大理大学新商科人工智能教学科研一体化平台设备及深度学习服务器.docx,内存,320,64,400.00%,0.19,控标态,"缺乏行业共识(Lift=0.19<0.7), 疑似排他性参数"
大理大学新商科人工智能教学科研一体化平台设备及深度学习服务器.docx,硬盘,102400,30720,233.33%,0.6,控标态,"缺乏行业共识(Lift=0.60<0.7), 疑似排他性参数"
天津先进计算与关键软件（信创）海河.docx,内存,48,64,-25.00%,0.75,理想态,"符合行业主流, 数值在容忍区间内(-25.0%)"
天津先进计算与关键软件（信创）海河.docx,硬盘,317132,30720,932.33%,1.2,冗余态,"虽为主流技术, 但超出宽限阈值(+932.3% > +30%), 存在效能溢出"
北京市人工影响天气中心2025年算力资源扩展服务器采购项目采购需求.docx,CPU,64,24,166.67%,1.75,冗余态,"虽为主流技术, 但超出宽限阈值(+166.7% > +30%), 存在效能溢出"
北京市人工影响天气中心2025年算力资源扩展服务器采购项目采购需求.docx,内存,25,64,-60.94%,1.88,瓶颈态,"虽为主流技术, 但配置不足(-60.9% < -30%), 存在性能短板"
北京市人工影响天气中心2025年算力资源扩展服务器采购项目采购需求.docx,硬盘,286720,30720,833.33%,2.39,冗余态,"虽为主流技术, 但超出宽限阈值(+833.3% > +30%), 存在效能溢出"
台州恩泽医疗中心（集团）超融合服务器采购.docx,CPU,102,24,325.00%,0.22,控标态,"缺乏行业共识(Lift=0.22<0.7), 疑似排他性参数"
台州恩泽医疗中心（集团）超融合服务器采购.docx,内存,64,64,0.00%,4.7,理想态,"符合行业主流, 数值在容忍区间内(+0.0%)"
台州恩泽医疗中心（集团）超融合服务器采购.docx,硬盘,16384,30720,-46.67%,4.19,瓶颈态,"虽为主流技术, 但配置不足(-46.7% < -30%), 存在性能短板"
太原铁路公安局-刑侦信息系统服务器维保项目.docx,CPU,6,24,-75.00%,0.87,瓶颈态,"虽为主流技术, 但配置不足(-75.0% < -30%), 存在性能短板"
宁德师范学院附属宁德市医院信创超融合服务器项目磋商文件（[350901]RI[CS]202500120251112002）.docx,内存,40,64,-37.50%,1.13,瓶颈态,"虽为主流技术, 但配置不足(-37.5% < -30%), 存在性能短板"
宁德师范学院附属宁德市医院信创超融合服务器项目磋商文件（[350901]RI[CS]202500120251112002）.docx,硬盘,26214,30720,-14.67%,1.2,理想态,"符合行业主流, 数值在容忍区间内(-14.7%)"
宁波市公安局奉化分局通用服务器采购项目的公开招标公告.docx,CPU,64,24,166.67%,1.75,冗余态,"虽为主流技术, 但超出宽限阈值(+166.7% > +30%), 存在效能溢出"
宁波市公安局奉化分局通用服务器采购项目的公开招标公告.docx,内存,512,64,700.00%,1.88,冗余态,"虽为主流技术, 但超出宽限阈值(+700.0% > +30%), 存在效能溢出"
宁波市公安局奉化分局通用服务器采购项目的公开招标公告.docx,硬盘,8192,30720,-73.33%,3.59,瓶颈态,"虽为主流技术, 但配置不足(-73.3% < -30%), 存在性能短板"
宁波大学附属妇女儿童医院信创超融合服务器采购项目.docx,CPU,48,24,100.00%,2.18,冗余态,"虽为主流技术, 但超出宽限阈值(+100.0% > +30%), 存在效能溢出"
宁波大学附属妇女儿童医院信创超融合服务器采购项目.docx,内存,25,64,-60.94%,1.88,瓶颈态,"虽为主流技术, 但配置不足(-60.9% < -30%), 存在性能短板"
宁波大学附属妇女儿童医院信创超融合服务器采购项目.docx,硬盘,2025087,30720,6492.08%,0.6,控标态,"缺乏行业共识(Lift=0.60<0.7), 疑似排他性参数"
天津市滨海新区海滨人民医院采购HIS数据库服务器.docx,CPU,32,24,33.33%,5.68,冗余态,"虽为主流技术, 但超出宽限阈值(+33.3% > +30%), 存在效能溢出"
天津市滨海新区海滨人民医院采购HIS数据库服务器.docx,内存,32,64,-50.00%,4.32,瓶颈态,"虽为主流技术, 但配置不足(-50.0% < -30%), 存在性能短板"
天津市滨海新区海滨人民医院采购HIS数据库服务器.docx,硬盘,10240,30720,-66.67%,1.2,瓶颈态,"虽为主流技术, 但配置不足(-66.7% < -30%), 存在性能短板"
安徽省儿童医院服务器和存储采购项目公开招标公告.docx,CPU,128,24,433.33%,0.44,控标态,"缺乏行业共识(Lift=0.44<0.7), 疑似排他性参数"
安徽省儿童医院服务器和存储采购项目公开招标公告.docx,内存,32,64,-50.00%,4.32,瓶颈态,"虽为主流技术, 但配置不足(-50.0% < -30%), 存在性能短板"
安徽省儿童医院服务器和存储采购项目公开招标公告.docx,硬盘,819200,30720,2566.67%,0.6,控标态,"缺乏行业共识(Lift=0.60<0.7), 疑似排他性参数"
宜宾市公安局翠屏区分局执法办案管理中心网络视频存储服务器采购项目竞争性谈判.docx,CPU,4,24,-83.33%,1.97,瓶颈态,"虽为主流技术, 但配置不足(-83.3% < -30%), 存在性能短板"
宜宾市公安局翠屏区分局执法办案管理中心网络视频存储服务器采购项目竞争性谈判.docx,内存,32,64,-50.00%,4.32,瓶颈态,"虽为主流技术, 但配置不足(-50.0% < -30%), 存在性能短板"
宜宾市公安局翠屏区分局执法办案管理中心网络视频存储服务器采购项目竞争性谈判.docx,硬盘,30720,30720,0.00%,1.2,理想态,"符合行业主流, 数值在容忍区间内(+0.0%)"
山西大学大同校区GPU服务器采购项目询价文件.docx,CPU,32,24,33.33%,5.68,冗余态,"虽为主流技术, 但超出宽限阈值(+33.3% > +30%), 存在效能溢出"
山西大学大同校区GPU服务器采购项目询价文件.docx,内存,512,64,700.00%,1.88,冗余态,"虽为主流技术, 但超出宽限阈值(+700.0% > +30%), 存在效能溢出"
山西大学大同校区GPU服务器采购项目询价文件.docx,硬盘,7864,30720,-74.40%,1.2,瓶颈态,"虽为主流技术, 但配置不足(-74.4% < -30%), 存在性能短板"
宁波市初中学业水平考试标准化考点建设服务器采购项目的公开招标公告.docx,CPU,48,24,100.00%,2.18,冗余态,"虽为主流技术, 但超出宽限阈值(+100.0% > +30%), 存在效能溢出"
宁波市初中学业水平考试标准化考点建设服务器采购项目的公开招标公告.docx,内存,960,64,1400.00%,1.69,冗余态,"虽为主流技术, 但超出宽限阈值(+1400.0% > +30%), 存在效能溢出"
宁波市初中学业水平考试标准化考点建设服务器采购项目的公开招标公告.docx,硬盘,4096,30720,-86.67%,4.19,瓶颈态,"虽为主流技术, 但配置不足(-86.7% < -30%), 存在性能短板"
德阳经济技术开发区人民医院信息系统服务器及设备.docx,CPU,8,24,-66.67%,2.62,瓶颈态,"虽为主流技术, 但配置不足(-66.7% < -30%), 存在性能短板"
德阳经济技术开发区人民医院信息系统服务器及设备.docx,内存,32,64,-50.00%,4.32,瓶颈态,"虽为主流技术, 但配置不足(-50.0% < -30%), 存在性能短板"
德阳经济技术开发区人民医院信息系统服务器及设备.docx,硬盘,81920,30720,166.67%,3.59,冗余态,"虽为主流技术, 但超出宽限阈值(+166.7% > +30%), 存在效能溢出"
广西壮族自治区水文中心服务器设备采购.docx,CPU,18,24,-25.00%,0.44,控标态,"缺乏行业共识(Lift=0.44<0.7), 疑似排他性参数"
广西壮族自治区水文中心服务器设备采购.docx,内存,100,64,56.25%,0.56,控标态,"缺乏行业共识(Lift=0.56<0.7), 疑似排他性参数"
广西壮族自治区水文中心服务器设备采购.docx,硬盘,16384,30720,-46.67%,4.19,瓶颈态,"虽为主流技术, 但配置不足(-46.7% < -30%), 存在性能短板"
宿迁市全市110接报警系统升级项目-服务器采购采购公告.docx,CPU,4,24,-83.33%,1.97,瓶颈态,"虽为主流技术, 但配置不足(-83.3% < -30%), 存在性能短板"
宿迁市全市110接报警系统升级项目-服务器采购采购公告.docx,内存,32,64,-50.00%,4.32,瓶颈态,"虽为主流技术, 但配置不足(-50.0% < -30%), 存在性能短板"
宿迁市全市110接报警系统升级项目-服务器采购采购公告.docx,硬盘,16384,30720,-46.67%,4.19,瓶颈态,"虽为主流技术, 但配置不足(-46.7% < -30%), 存在性能短板"
天津市公路事业发展服务中心服务器及基础软件项目公开招标公告.docx,CPU,16,24,-33.33%,3.06,瓶颈态,"虽为主流技术, 但配置不足(-33.3% < -30%), 存在性能短板"
天津市公路事业发展服务中心服务器及基础软件项目公开招标公告.docx,内存,16,64,-75.00%,1.88,瓶颈态,"虽为主流技术, 但配置不足(-75.0% < -30%), 存在性能短板"
天津市公路事业发展服务中心服务器及基础软件项目公开招标公告.docx,硬盘,4096,30720,-86.67%,4.19,瓶颈态,"虽为主流技术, 但配置不足(-86.7% < -30%), 存在性能短板"
昆明市延安医院“城市医疗集团综合数据赋能平台(服务器)采购”项目(二次)招标公告.docx,CPU,64,24,166.67%,1.75,冗余态,"虽为主流技术, 但超出宽限阈值(+166.7% > +30%), 存在效能溢出"
昆明市延安医院“城市医疗集团综合数据赋能平台(服务器)采购”项目(二次)招标公告.docx,内存,16,64,-75.00%,1.88,瓶颈态,"虽为主流技术, 但配置不足(-75.0% < -30%), 存在性能短板"
昆明市延安医院“城市医疗集团综合数据赋能平台(服务器)采购”项目(二次)招标公告.docx,硬盘,2048,30720,-93.33%,2.39,瓶颈态,"虽为主流技术, 但配置不足(-93.3% < -30%), 存在性能短板"
慈溪市人民法院超融合服务器采购的公开招标公告.docx,内存,256,64,300.00%,1.13,冗余态,"虽为主流技术, 但超出宽限阈值(+300.0% > +30%), 存在效能溢出"
慈溪市人民法院超融合服务器采购的公开招标公告.docx,硬盘,13107,30720,-57.33%,0.6,瓶颈态,"非主流低配(Lift=0.60), 且显著低于基准(-57.3%)"
昆明医科大学公共卫生学院专业建设服务器采购.docx,CPU,16,24,-33.33%,3.06,瓶颈态,"虽为主流技术, 但配置不足(-33.3% < -30%), 存在性能短板"
昆明医科大学公共卫生学院专业建设服务器采购.docx,内存,480,64,650.00%,1.32,冗余态,"虽为主流技术, 但超出宽限阈值(+650.0% > +30%), 存在效能溢出"
昆明医科大学公共卫生学院专业建设服务器采购.docx,硬盘,16384,30720,-46.67%,4.19,瓶颈态,"虽为主流技术, 但配置不足(-46.7% < -30%), 存在性能短板"
昭通市公安局服务器采购.docx,CPU,24,24,0.00%,1.97,理想态,"符合行业主流, 数值在容忍区间内(+0.0%)"
昭通市公安局服务器采购.docx,内存,64,64,0.00%,4.7,理想态,"符合行业主流, 数值在容忍区间内(+0.0%)"
昭通市公安局服务器采购.docx,硬盘,4096,30720,-86.67%,4.19,瓶颈态,"虽为主流技术, 但配置不足(-86.7% < -30%), 存在性能短板"
天津市财政局服务器及操作系统项目.docx,CPU,32,24,33.33%,5.68,冗余态,"虽为主流技术, 但超出宽限阈值(+33.3% > +30%), 存在效能溢出"
天津市财政局服务器及操作系统项目.docx,内存,32,64,-50.00%,4.32,瓶颈态,"虽为主流技术, 但配置不足(-50.0% < -30%), 存在性能短板"
天津市财政局服务器及操作系统项目.docx,硬盘,12288,30720,-60.00%,1.8,瓶颈态,"虽为主流技术, 但配置不足(-60.0% < -30%), 存在性能短板"
汉中市公安局执法音视频统一管理平台服务器采购.docx,CPU,24,24,0.00%,1.97,理想态,"符合行业主流, 数值在容忍区间内(+0.0%)"
汉中市公安局执法音视频统一管理平台服务器采购.docx,内存,480,64,650.00%,1.32,冗余态,"虽为主流技术, 但超出宽限阈值(+650.0% > +30%), 存在效能溢出"
汉中市公安局执法音视频统一管理平台服务器采购.docx,硬盘,307200,30720,900.00%,0.6,控标态,"缺乏行业共识(Lift=0.60<0.7), 疑似排他性参数"
宁波国际仲裁院服务器及相关配套软件采购项目的公开招标.docx,CPU,32,24,33.33%,5.68,冗余态,"虽为主流技术, 但超出宽限阈值(+33.3% > +30%), 存在效能溢出"
宁波国际仲裁院服务器及相关配套软件采购项目的公开招标.docx,内存,2048,64,3100.00%,0.19,控标态,"缺乏行业共识(Lift=0.19<0.7), 疑似排他性参数"
宁波国际仲裁院服务器及相关配套软件采购项目的公开招标.docx,硬盘,2025011,30720,6491.83%,0.6,控标态,"缺乏行业共识(Lift=0.60<0.7), 疑似排他性参数"
来宾市政务服务和大数据发展局计算机、服务器、基础软件等设备采购.docx,CPU,8,24,-66.67%,2.62,瓶颈态,"虽为主流技术, 但配置不足(-66.7% < -30%), 存在性能短板"
来宾市政务服务和大数据发展局计算机、服务器、基础软件等设备采购.docx,内存,16,64,-75.00%,1.88,瓶颈态,"虽为主流技术, 但配置不足(-75.0% < -30%), 存在性能短板"
来宾市政务服务和大数据发展局计算机、服务器、基础软件等设备采购.docx,硬盘,143360,30720,366.67%,0.6,控标态,"缺乏行业共识(Lift=0.60<0.7), 疑似排他性参数"
抚松县公安局交通管理大队 数据库服务器升级改造项目的竞争性谈判公告.docx,CPU,16,24,-33.33%,3.06,瓶颈态,"虽为主流技术, 但配置不足(-33.3% < -30%), 存在性能短板"
抚松县公安局交通管理大队 数据库服务器升级改造项目的竞争性谈判公告.docx,内存,64,64,0.00%,4.7,理想态,"符合行业主流, 数值在容忍区间内(+0.0%)"
抚松县公安局交通管理大队 数据库服务器升级改造项目的竞争性谈判公告.docx,硬盘,1228,30720,-96.00%,1.2,瓶颈态,"虽为主流技术, 但配置不足(-96.0% < -30%), 存在性能短板"
江苏省淮安市人民检察院超融合服务器采购采购公告.docx,CPU,32,24,33.33%,5.68,冗余态,"虽为主流技术, 但超出宽限阈值(+33.3% > +30%), 存在效能溢出"
江苏省淮安市人民检察院超融合服务器采购采购公告.docx,内存,512,64,700.00%,1.88,冗余态,"虽为主流技术, 但超出宽限阈值(+700.0% > +30%), 存在效能溢出"
江苏省淮安市人民检察院超融合服务器采购采购公告.docx,硬盘,81920,30720,166.67%,3.59,冗余态,"虽为主流技术, 但超出宽限阈值(+166.7% > +30%), 存在效能溢出"
泉州市妇幼保健院超融合服务器采购项目(二次)招标文件（[350501]QZSCGZX[GK]2025024-120251022001）.docx,CPU,16,24,-33.33%,3.06,瓶颈态,"虽为主流技术, 但配置不足(-33.3% < -30%), 存在性能短板"
泉州市妇幼保健院超融合服务器采购项目(二次)招标文件（[350501]QZSCGZX[GK]2025024-120251022001）.docx,内存,960,64,1400.00%,1.69,冗余态,"虽为主流技术, 但超出宽限阈值(+1400.0% > +30%), 存在效能溢出"
泉州市妇幼保健院超融合服务器采购项目(二次)招标文件（[350501]QZSCGZX[GK]2025024-120251022001）.docx,硬盘,15360,30720,-50.00%,0.6,瓶颈态,"非主流低配(Lift=0.60), 且显著低于基准(-50.0%)"
泰州市人民医院存储、服务器及容灾系统升级扩容项目采购公告.docx,CPU,16,24,-33.33%,3.06,瓶颈态,"虽为主流技术, 但配置不足(-33.3% < -30%), 存在性能短板"
泰州市人民医院存储、服务器及容灾系统升级扩容项目采购公告.docx,内存,25,64,-60.94%,1.88,瓶颈态,"虽为主流技术, 但配置不足(-60.9% < -30%), 存在性能短板"
泰州市人民医院存储、服务器及容灾系统升级扩容项目采购公告.docx,硬盘,24576,30720,-20.00%,1.2,理想态,"符合行业主流, 数值在容忍区间内(-20.0%)"
浙江药科职业大学智播平台服务器存储升级项目.docx,CPU,96,24,300.00%,0.66,控标态,"缺乏行业共识(Lift=0.66<0.7), 疑似排他性参数"
浙江药科职业大学智播平台服务器存储升级项目.docx,内存,25,64,-60.94%,1.88,瓶颈态,"虽为主流技术, 但配置不足(-60.9% < -30%), 存在性能短板"
浙江药科职业大学智播平台服务器存储升级项目.docx,硬盘,2025195,30720,6492.43%,0.6,控标态,"缺乏行业共识(Lift=0.60<0.7), 疑似排他性参数"
浦东新区精神卫生中心服务器采购需求.docx,内存,32,64,-50.00%,4.32,瓶颈态,"虽为主流技术, 但配置不足(-50.0% < -30%), 存在性能短板"
浦东新区精神卫生中心服务器采购需求.docx,硬盘,83968,30720,173.33%,0.6,控标态,"缺乏行业共识(Lift=0.60<0.7), 疑似排他性参数"
浙江省监狱管理局国产化服务器采购项目采购文件.docx,CPU,86,24,258.33%,0.22,控标态,"缺乏行业共识(Lift=0.22<0.7), 疑似排他性参数"
浙江省监狱管理局国产化服务器采购项目采购文件.docx,内存,32,64,-50.00%,4.32,瓶颈态,"虽为主流技术, 但配置不足(-50.0% < -30%), 存在性能短板"
浙江省监狱管理局国产化服务器采购项目采购文件.docx,硬盘,8192,30720,-73.33%,3.59,瓶颈态,"虽为主流技术, 但配置不足(-73.3% < -30%), 存在性能短板"
浙江工业大学大模型训练服务器项目采购文件.docx,CPU,57,24,137.50%,0.22,控标态,"缺乏行业共识(Lift=0.22<0.7), 疑似排他性参数"
浙江工业大学大模型训练服务器项目采购文件.docx,内存,64,64,0.00%,4.7,理想态,"符合行业主流, 数值在容忍区间内(+0.0%)"
浙江工业大学大模型训练服务器项目采购文件.docx,硬盘,1916928,30720,6140.00%,0.6,控标态,"缺乏行业共识(Lift=0.60<0.7), 疑似排他性参数"
淮安市人民检察院超融合服务器采购采购公告.docx,CPU,32,24,33.33%,5.68,冗余态,"虽为主流技术, 但超出宽限阈值(+33.3% > +30%), 存在效能溢出"
淮安市人民检察院超融合服务器采购采购公告.docx,内存,512,64,700.00%,1.88,冗余态,"虽为主流技术, 但超出宽限阈值(+700.0% > +30%), 存在效能溢出"
淮安市人民检察院超融合服务器采购采购公告.docx,硬盘,81920,30720,166.67%,3.59,冗余态,"虽为主流技术, 但超出宽限阈值(+166.7% > +30%), 存在效能溢出"
温州医科大学超融合服务器询价项目的询价公告.docx,CPU,6,24,-75.00%,0.87,瓶颈态,"虽为主流技术, 但配置不足(-75.0% < -30%), 存在性能短板"
温州医科大学超融合服务器询价项目的询价公告.docx,内存,480,64,650.00%,1.32,冗余态,"虽为主流技术, 但超出宽限阈值(+650.0% > +30%), 存在效能溢出"
温州医科大学超融合服务器询价项目的询价公告.docx,硬盘,40960,30720,33.33%,2.99,冗余态,"虽为主流技术, 但超出宽限阈值(+33.3% > +30%), 存在效能溢出"
湖南建设投资集团成控系统配套服务器采购项目磋商文件.docx,CPU,64,24,166.67%,1.75,冗余态,"虽为主流技术, 但超出宽限阈值(+166.7% > +30%), 存在效能溢出"
湖南建设投资集团成控系统配套服务器采购项目磋商文件.docx,内存,32,64,-50.00%,4.32,瓶颈态,"虽为主流技术, 但配置不足(-50.0% < -30%), 存在性能短板"
湖南建设投资集团成控系统配套服务器采购项目磋商文件.docx,硬盘,960,30720,-96.88%,1.2,瓶颈态,"虽为主流技术, 但配置不足(-96.9% < -30%), 存在性能短板"
湖南建设投资集团财务数据库配套服务器采购项目竞争性磋商公告.docx,CPU,64,24,166.67%,1.75,冗余态,"虽为主流技术, 但超出宽限阈值(+166.7% > +30%), 存在效能溢出"
湖南建设投资集团财务数据库配套服务器采购项目竞争性磋商公告.docx,内存,64,64,0.00%,4.7,理想态,"符合行业主流, 数值在容忍区间内(+0.0%)"
湖南建设投资集团财务数据库配套服务器采购项目竞争性磋商公告.docx,硬盘,30720,30720,0.00%,1.2,理想态,"符合行业主流, 数值在容忍区间内(+0.0%)"
盐池县公安局视频云存储服务器采购项目采购需求.docx,内存,16,64,-75.00%,1.88,瓶颈态,"虽为主流技术, 但配置不足(-75.0% < -30%), 存在性能短板"
盐池县公安局视频云存储服务器采购项目采购需求.docx,硬盘,2662400,30720,8566.67%,0.6,控标态,"缺乏行业共识(Lift=0.60<0.7), 疑似排他性参数"
温州市职业中等专业学校服务器询价项目的询价公告.docx,CPU,24,24,0.00%,1.97,理想态,"符合行业主流, 数值在容忍区间内(+0.0%)"
温州市职业中等专业学校服务器询价项目的询价公告.docx,内存,32,64,-50.00%,4.32,瓶颈态,"虽为主流技术, 但配置不足(-50.0% < -30%), 存在性能短板"
温州市职业中等专业学校服务器询价项目的询价公告.docx,硬盘,90112,30720,193.33%,0.6,控标态,"缺乏行业共识(Lift=0.60<0.7), 疑似排他性参数"
滁州学院2023年综改试验区建设服务器等科研设备采购招标文件.docx,CPU,32,24,33.33%,5.68,冗余态,"虽为主流技术, 但超出宽限阈值(+33.3% > +30%), 存在效能溢出"
滁州学院2023年综改试验区建设服务器等科研设备采购招标文件.docx,内存,64,64,0.00%,4.7,理想态,"符合行业主流, 数值在容忍区间内(+0.0%)"
滁州学院2023年综改试验区建设服务器等科研设备采购招标文件.docx,硬盘,317132,30720,932.33%,1.2,冗余态,"虽为主流技术, 但超出宽限阈值(+932.3% > +30%), 存在效能溢出"
福州大学服务器采购项目招标文件.docx,内存,960,64,1400.00%,1.69,冗余态,"虽为主流技术, 但超出宽限阈值(+1400.0% > +30%), 存在效能溢出"
福州大学服务器采购项目招标文件.docx,硬盘,16384,30720,-46.67%,4.19,瓶颈态,"虽为主流技术, 但配置不足(-46.7% < -30%), 存在性能短板"
福州大学GPU算力服务器等采购项目招标文件（[350001]FJGGZY[GK]202504020250702001）.docx,内存,25,64,-60.94%,1.88,瓶颈态,"虽为主流技术, 但配置不足(-60.9% < -30%), 存在性能短板"
福州大学GPU算力服务器等采购项目招标文件（[350001]FJGGZY[GK]202504020250702001）.docx,硬盘,51200,30720,66.67%,0.6,控标态,"缺乏行业共识(Lift=0.60<0.7), 疑似排他性参数"
福建中医药大学网信办刀片式服务器采购项目.docx,CPU,24,24,0.00%,1.97,理想态,"符合行业主流, 数值在容忍区间内(+0.0%)"
福建中医药大学网信办刀片式服务器采购项目.docx,内存,16,64,-75.00%,1.88,瓶颈态,"虽为主流技术, 但配置不足(-75.0% < -30%), 存在性能短板"
福建中医药大学网信办刀片式服务器采购项目.docx,硬盘,2048,30720,-93.33%,2.39,瓶颈态,"虽为主流技术, 但配置不足(-93.3% < -30%), 存在性能短板"
绵阳市中医医院算力服务器采购竞争性磋商.docx,CPU,32,24,33.33%,5.68,冗余态,"虽为主流技术, 但超出宽限阈值(+33.3% > +30%), 存在效能溢出"
绵阳市中医医院算力服务器采购竞争性磋商.docx,内存,48,64,-25.00%,0.75,理想态,"符合行业主流, 数值在容忍区间内(-25.0%)"
绵阳市中医医院算力服务器采购竞争性磋商.docx,硬盘,122368,30720,298.33%,0.6,控标态,"缺乏行业共识(Lift=0.60<0.7), 疑似排他性参数"
紫金山实验室确定性实时控制环境搭建服务器采购公告.docx,CPU,48,24,100.00%,2.18,冗余态,"虽为主流技术, 但超出宽限阈值(+100.0% > +30%), 存在效能溢出"
紫金山实验室确定性实时控制环境搭建服务器采购公告.docx,内存,64,64,0.00%,4.7,理想态,"符合行业主流, 数值在容忍区间内(+0.0%)"
紫金山实验室确定性实时控制环境搭建服务器采购公告.docx,硬盘,573440,30720,1766.67%,0.6,控标态,"缺乏行业共识(Lift=0.60<0.7), 疑似排他性参数"
蚌埠市纪委监委网络存储服务器采购项目竞争性谈判项目采购需求.docx,CPU,5,24,-79.17%,0.44,瓶颈态,"非主流低配(Lift=0.44), 且显著低于基准(-79.2%)"
蚌埠市纪委监委网络存储服务器采购项目竞争性谈判项目采购需求.docx,内存,64,64,0.00%,4.7,理想态,"符合行业主流, 数值在容忍区间内(+0.0%)"
蚌埠市纪委监委网络存储服务器采购项目竞争性谈判项目采购需求.docx,硬盘,393216,30720,1180.00%,0.6,控标态,"缺乏行业共识(Lift=0.60<0.7), 疑似排他性参数"
苏州2025年园林景区售检票硬件设备部分升级改造项目（防火墙及服务器）采购公告.docx,CPU,32,24,33.33%,5.68,冗余态,"虽为主流技术, 但超出宽限阈值(+33.3% > +30%), 存在效能溢出"
苏州2025年园林景区售检票硬件设备部分升级改造项目（防火墙及服务器）采购公告.docx,内存,128,64,100.00%,0.38,控标态,"缺乏行业共识(Lift=0.38<0.7), 疑似排他性参数"
苏州2025年园林景区售检票硬件设备部分升级改造项目（防火墙及服务器）采购公告.docx,硬盘,600,30720,-98.05%,1.2,瓶颈态,"虽为主流技术, 但配置不足(-98.0% < -30%), 存在性能短板"
苏州市第九人民医院信息中心服务器升级扩容.docx,CPU,6,24,-75.00%,0.87,瓶颈态,"虽为主流技术, 但配置不足(-75.0% < -30%), 存在性能短板"
苏州市第九人民医院信息中心服务器升级扩容.docx,内存,25,64,-60.94%,1.88,瓶颈态,"虽为主流技术, 但配置不足(-60.9% < -30%), 存在性能短板"
苏州市第九人民医院信息中心服务器升级扩容.docx,硬盘,8192,30720,-73.33%,3.59,瓶颈态,"虽为主流技术, 但配置不足(-73.3% < -30%), 存在性能短板"
昆明市融媒体中心“2025年超融合服务器及UPS采购”询价.docx,内存,256,64,300.00%,1.13,冗余态,"虽为主流技术, 但超出宽限阈值(+300.0% > +30%), 存在效能溢出"
昆明市融媒体中心“2025年超融合服务器及UPS采购”询价.docx,硬盘,512000,30720,1566.67%,0.6,控标态,"缺乏行业共识(Lift=0.60<0.7), 疑似排他性参数"
衢州职业技术学院人工智能算力服务器项目的询价公告.docx,CPU,48,24,100.00%,2.18,冗余态,"虽为主流技术, 但超出宽限阈值(+100.0% > +30%), 存在效能溢出"
衢州职业技术学院人工智能算力服务器项目的询价公告.docx,内存,64,64,0.00%,4.7,理想态,"符合行业主流, 数值在容忍区间内(+0.0%)"
衢州职业技术学院人工智能算力服务器项目的询价公告.docx,硬盘,276480,30720,800.00%,0.6,控标态,"缺乏行业共识(Lift=0.60<0.7), 疑似排他性参数"
金堂县第一人民医院服务器采购项目(二次)询价公告.docx,CPU,16,24,-33.33%,3.06,瓶颈态,"虽为主流技术, 但配置不足(-33.3% < -30%), 存在性能短板"
金堂县第一人民医院服务器采购项目(二次)询价公告.docx,内存,16,64,-75.00%,1.88,瓶颈态,"虽为主流技术, 但配置不足(-75.0% < -30%), 存在性能短板"
金堂县第一人民医院服务器采购项目(二次)询价公告.docx,硬盘,19968,30720,-35.00%,0.6,瓶颈态,"非主流低配(Lift=0.60), 且显著低于基准(-35.0%)"
辽宁省肿瘤医院数据中心服务器招标公告.docx,CPU,28,24,16.67%,0.22,控标态,"缺乏行业共识(Lift=0.22<0.7), 疑似排他性参数"
辽宁省肿瘤医院数据中心服务器招标公告.docx,内存,64,64,0.00%,4.7,理想态,"符合行业主流, 数值在容忍区间内(+0.0%)"
辽宁省肿瘤医院数据中心服务器招标公告.docx,硬盘,69632,30720,126.67%,0.6,控标态,"缺乏行业共识(Lift=0.60<0.7), 疑似排他性参数"
青海省妇女儿童医院服务器及防火墙采购项目.docx,CPU,18,24,-25.00%,0.44,控标态,"缺乏行业共识(Lift=0.44<0.7), 疑似排他性参数"
青海省妇女儿童医院服务器及防火墙采购项目.docx,内存,32,64,-50.00%,4.32,瓶颈态,"虽为主流技术, 但配置不足(-50.0% < -30%), 存在性能短板"
青海省妇女儿童医院服务器及防火墙采购项目.docx,硬盘,6144,30720,-80.00%,1.8,瓶颈态,"虽为主流技术, 但配置不足(-80.0% < -30%), 存在性能短板"
阜新市公安局视综平台一体化建设服务器（第二次）招标.docx,CPU,24,24,0.00%,1.97,理想态,"符合行业主流, 数值在容忍区间内(+0.0%)"
阜新市公安局视综平台一体化建设服务器（第二次）招标.docx,内存,480,64,650.00%,1.32,冗余态,"虽为主流技术, 但超出宽限阈值(+650.0% > +30%), 存在效能溢出"
阜新市公安局视综平台一体化建设服务器（第二次）招标.docx,硬盘,49152,30720,60.00%,1.2,冗余态,"虽为主流技术, 但超出宽限阈值(+60.0% > +30%), 存在效能溢出"
镇江2025-2026年度人社“服务器及存储系统维保”采购公告.docx,CPU,8,24,-66.67%,2.62,瓶颈态,"虽为主流技术, 但配置不足(-66.7% < -30%), 存在性能短板"
镇江2025-2026年度人社“服务器及存储系统维保”采购公告.docx,内存,300,64,368.75%,0.19,控标态,"缺乏行业共识(Lift=0.19<0.7), 疑似排他性参数"
镇江2025-2026年度人社“服务器及存储系统维保”采购公告.docx,硬盘,4960,30720,-83.85%,0.6,瓶颈态,"非主流低配(Lift=0.60), 且显著低于基准(-83.9%)"
首都医科大学附属北京儿童医院2025年度服务器及配套设备采购项目采购需求.docx,CPU,24,24,0.00%,1.97,理想态,"符合行业主流, 数值在容忍区间内(+0.0%)"
首都医科大学附属北京儿童医院2025年度服务器及配套设备采购项目采购需求.docx,内存,64,64,0.00%,4.7,理想态,"符合行业主流, 数值在容忍区间内(+0.0%)"
首都医科大学附属北京儿童医院2025年度服务器及配套设备采购项目采购需求.docx,硬盘,320512,30720,943.33%,0.6,控标态,"缺乏行业共识(Lift=0.60<0.7), 疑似排他性参数"
连云港市政务云（信创）建设项目（服务器、操作系统、数据库）采购公告.docx,内存,32,64,-50.00%,4.32,瓶颈态,"虽为主流技术, 但配置不足(-50.0% < -30%), 存在性能短板"
连云港市政务云（信创）建设项目（服务器、操作系统、数据库）采购公告.docx,硬盘,196608,30720,540.00%,1.8,冗余态,"虽为主流技术, 但超出宽限阈值(+540.0% > +30%), 存在效能溢出"
浙江音乐学院信创电脑、服务器及数据库采购项目采购文件.docx,CPU,8,24,-66.67%,2.62,瓶颈态,"虽为主流技术, 但配置不足(-66.7% < -30%), 存在性能短板"
浙江音乐学院信创电脑、服务器及数据库采购项目采购文件.docx,内存,16,64,-75.00%,1.88,瓶颈态,"虽为主流技术, 但配置不足(-75.0% < -30%), 存在性能短板"
浙江音乐学院信创电脑、服务器及数据库采购项目采购文件.docx,硬盘,81920,30720,166.67%,3.59,冗余态,"虽为主流技术, 但超出宽限阈值(+166.7% > +30%), 存在效能溢出"
中华人民共和国广州海关AI算力服务器采购项目采购文件.pdf,CPU,48,24,100.00%,2.18,冗余态,"虽为主流技术, 但超出宽限阈值(+100.0% > +30%), 存在效能溢出"
中华人民共和国广州海关AI算力服务器采购项目采购文件.pdf,内存,200,64,212.50%,0.56,控标态,"缺乏行业共识(Lift=0.56<0.7), 疑似排他性参数"
中华人民共和国广州海关AI算力服务器采购项目采购文件.pdf,硬盘,286720,30720,833.33%,2.39,冗余态,"虽为主流技术, 但超出宽限阈值(+833.3% > +30%), 存在效能溢出"
中国科学技术大学GPU服务器节点公开招标采购需求（GPU服务器节点）.pdf,CPU,32,24,33.33%,5.68,冗余态,"虽为主流技术, 但超出宽限阈值(+33.3% > +30%), 存在效能溢出"
中国科学技术大学GPU服务器节点公开招标采购需求（GPU服务器节点）.pdf,内存,64,64,0.00%,4.7,理想态,"符合行业主流, 数值在容忍区间内(+0.0%)"
中国科学技术大学GPU服务器节点公开招标采购需求（GPU服务器节点）.pdf,硬盘,319488,30720,940.00%,0.6,控标态,"缺乏行业共识(Lift=0.60<0.7), 疑似排他性参数"
中国医学科学院皮肤病医院服务器采购项目采购文件.pdf,CPU,4,24,-83.33%,1.97,瓶颈态,"虽为主流技术, 但配置不足(-83.3% < -30%), 存在性能短板"
中国医学科学院皮肤病医院服务器采购项目采购文件.pdf,内存,1024,64,1500.00%,0.75,冗余态,"虽为主流技术, 但超出宽限阈值(+1500.0% > +30%), 存在效能溢出"
中国医学科学院皮肤病医院服务器采购项目采购文件.pdf,硬盘,1024,30720,-96.67%,1.2,瓶颈态,"虽为主流技术, 但配置不足(-96.7% < -30%), 存在性能短板"
中国医学科学院阜外医院服务器采购项目采购文件.pdf,CPU,32,24,33.33%,5.68,冗余态,"虽为主流技术, 但超出宽限阈值(+33.3% > +30%), 存在效能溢出"
中国医学科学院阜外医院服务器采购项目采购文件.pdf,内存,64,64,0.00%,4.7,理想态,"符合行业主流, 数值在容忍区间内(+0.0%)"
中国医学科学院阜外医院服务器采购项目采购文件.pdf,硬盘,3932,30720,-87.20%,1.8,瓶颈态,"虽为主流技术, 但配置不足(-87.2% < -30%), 存在性能短板"
中国科学院物理研究所GPU高性能服务器采购项目公开招标.pdf,CPU,48,24,100.00%,2.18,冗余态,"虽为主流技术, 但超出宽限阈值(+100.0% > +30%), 存在效能溢出"
中国科学院物理研究所GPU高性能服务器采购项目公开招标.pdf,内存,960,64,1400.00%,1.69,冗余态,"虽为主流技术, 但超出宽限阈值(+1400.0% > +30%), 存在效能溢出"
中国科学院物理研究所GPU高性能服务器采购项目公开招标.pdf,硬盘,360448,30720,1073.33%,0.6,控标态,"缺乏行业共识(Lift=0.60<0.7), 疑似排他性参数"
中国合格评定国家认可中心服务器、交换设备及相关软件采购项目采购文件.pdf,CPU,5,24,-79.17%,0.44,瓶颈态,"非主流低配(Lift=0.44), 且显著低于基准(-79.2%)"
内江市第一人民医院2025年服务器采购项目.pdf,CPU,32,24,33.33%,5.68,冗余态,"虽为主流技术, 但超出宽限阈值(+33.3% > +30%), 存在效能溢出"
内江市第一人民医院2025年服务器采购项目.pdf,内存,1024,64,1500.00%,0.75,冗余态,"虽为主流技术, 但超出宽限阈值(+1500.0% > +30%), 存在效能溢出"
内江市第一人民医院2025年服务器采购项目.pdf,硬盘,235520,30720,666.67%,0.6,控标态,"缺乏行业共识(Lift=0.60<0.7), 疑似排他性参数"
内江市公安局公安网服务器采购需求.pdf,CPU,24,24,0.00%,1.97,理想态,"符合行业主流, 数值在容忍区间内(+0.0%)"
内江市公安局公安网服务器采购需求.pdf,内存,512,64,700.00%,1.88,冗余态,"虽为主流技术, 但超出宽限阈值(+700.0% > +30%), 存在效能溢出"
内江市公安局公安网服务器采购需求.pdf,硬盘,196608,30720,540.00%,1.8,冗余态,"虽为主流技术, 但超出宽限阈值(+540.0% > +30%), 存在效能溢出"
北京市公安局服务器、操作系统、数据库、工作站采购项目招标采购需求.docx,CPU,4,24,-83.33%,1.97,瓶颈态,"虽为主流技术, 但配置不足(-83.3% < -30%), 存在性能短板"
北京市公安局服务器、操作系统、数据库、工作站采购项目招标采购需求.docx,内存,480,64,650.00%,1.32,冗余态,"虽为主流技术, 但超出宽限阈值(+650.0% > +30%), 存在效能溢出"
北京市公安局服务器、操作系统、数据库、工作站采购项目招标采购需求.docx,硬盘,286720,30720,833.33%,2.39,冗余态,"虽为主流技术, 但超出宽限阈值(+833.3% > +30%), 存在效能溢出"
中国科学院微生物研究所数据存储及计算服务器采购项目采购文件.pdf,CPU,7,24,-70.83%,0.44,瓶颈态,"非主流低配(Lift=0.44), 且显著低于基准(-70.8%)"
中国科学院微生物研究所数据存储及计算服务器采购项目采购文件.pdf,内存,480,64,650.00%,1.32,冗余态,"虽为主流技术, 但超出宽限阈值(+650.0% > +30%), 存在效能溢出"
中国科学院微生物研究所数据存储及计算服务器采购项目采购文件.pdf,硬盘,184320,30720,500.00%,0.6,控标态,"缺乏行业共识(Lift=0.60<0.7), 疑似排他性参数"
中国科学院文献情报中心GPU服务器采购项目采购文件.pdf,CPU,80,24,233.33%,0.22,控标态,"缺乏行业共识(Lift=0.22<0.7), 疑似排他性参数"
中国科学院文献情报中心GPU服务器采购项目采购文件.pdf,内存,64,64,0.00%,4.7,理想态,"符合行业主流, 数值在容忍区间内(+0.0%)"
中国科学院文献情报中心GPU服务器采购项目采购文件.pdf,硬盘,3932,30720,-87.20%,1.8,瓶颈态,"虽为主流技术, 但配置不足(-87.2% < -30%), 存在性能短板"
临泉县公安局交警大队服务器采购项目询价公告.pdf,CPU,8,24,-66.67%,2.62,瓶颈态,"虽为主流技术, 但配置不足(-66.7% < -30%), 存在性能短板"
临泉县公安局交警大队服务器采购项目询价公告.pdf,内存,64,64,0.00%,4.7,理想态,"符合行业主流, 数值在容忍区间内(+0.0%)"
临泉县公安局交警大队服务器采购项目询价公告.pdf,硬盘,4096,30720,-86.67%,4.19,瓶颈态,"虽为主流技术, 但配置不足(-86.7% < -30%), 存在性能短板"
亳州学院虚拟机服务器扩容项目.pdf,内存,3000,64,4587.50%,0.19,控标态,"缺乏行业共识(Lift=0.19<0.7), 疑似排他性参数"
亳州学院虚拟机服务器扩容项目.pdf,硬盘,40960,30720,33.33%,2.99,冗余态,"虽为主流技术, 但超出宽限阈值(+33.3% > +30%), 存在效能溢出"
北京大学第三医院GPU服务器设备采购项目采购文件.pdf,CPU,7,24,-70.83%,0.44,瓶颈态,"非主流低配(Lift=0.44), 且显著低于基准(-70.8%)"
北京大学第三医院GPU服务器设备采购项目采购文件.pdf,内存,25,64,-60.94%,1.88,瓶颈态,"虽为主流技术, 但配置不足(-60.9% < -30%), 存在性能短板"
北京大学第三医院GPU服务器设备采购项目采购文件.pdf,硬盘,1536,30720,-95.00%,0.6,瓶颈态,"非主流低配(Lift=0.60), 且显著低于基准(-95.0%)"
内蒙古自治区第二林业和草原监测规划院服务器(三次)竞争性谈判公告.pdf,CPU,96,24,300.00%,0.66,控标态,"缺乏行业共识(Lift=0.66<0.7), 疑似排他性参数"
内蒙古自治区第二林业和草原监测规划院服务器(三次)竞争性谈判公告.pdf,内存,48,64,-25.00%,0.75,理想态,"符合行业主流, 数值在容忍区间内(-25.0%)"
内蒙古自治区第二林业和草原监测规划院服务器(三次)竞争性谈判公告.pdf,硬盘,40960,30720,33.33%,2.99,冗余态,"虽为主流技术, 但超出宽限阈值(+33.3% > +30%), 存在效能溢出"
合肥工业大学计算机与信息学院服务器采购项目公开招标采购需求.pdf,CPU,15,24,-37.50%,0.22,瓶颈态,"非主流低配(Lift=0.22), 且显著低于基准(-37.5%)"
合肥工业大学计算机与信息学院服务器采购项目公开招标采购需求.pdf,内存,960,64,1400.00%,1.69,冗余态,"虽为主流技术, 但超出宽限阈值(+1400.0% > +30%), 存在效能溢出"
合肥工业大学计算机与信息学院服务器采购项目公开招标采购需求.pdf,硬盘,768000,30720,2400.00%,0.6,控标态,"缺乏行业共识(Lift=0.60<0.7), 疑似排他性参数"
准格尔旗世纪中学台式计算机及服务器采购询价公告.pdf,CPU,8,24,-66.67%,2.62,瓶颈态,"虽为主流技术, 但配置不足(-66.7% < -30%), 存在性能短板"
准格尔旗世纪中学台式计算机及服务器采购询价公告.pdf,内存,32,64,-50.00%,4.32,瓶颈态,"虽为主流技术, 但配置不足(-50.0% < -30%), 存在性能短板"
准格尔旗世纪中学台式计算机及服务器采购询价公告.pdf,硬盘,40960,30720,33.33%,2.99,冗余态,"虽为主流技术, 但超出宽限阈值(+33.3% > +30%), 存在效能溢出"
北京肿瘤医院虚拟化服务器及存储更新采购项目.pdf,CPU,4,24,-83.33%,1.97,瓶颈态,"虽为主流技术, 但配置不足(-83.3% < -30%), 存在性能短板"
内蒙古自治区第二林业和草原监测规划院服务器.pdf,CPU,96,24,300.00%,0.66,控标态,"缺乏行业共识(Lift=0.66<0.7), 疑似排他性参数"
内蒙古自治区第二林业和草原监测规划院服务器.pdf,内存,48,64,-25.00%,0.75,理想态,"符合行业主流, 数值在容忍区间内(-25.0%)"
内蒙古自治区第二林业和草原监测规划院服务器.pdf,硬盘,40960,30720,33.33%,2.99,冗余态,"虽为主流技术, 但超出宽限阈值(+33.3% > +30%), 存在效能溢出"
四川大学GPU服务器采购项目（第二次）公开招标项目及要求.pdf,CPU,64,24,166.67%,1.75,冗余态,"虽为主流技术, 但超出宽限阈值(+166.7% > +30%), 存在效能溢出"
四川大学GPU服务器采购项目（第二次）公开招标项目及要求.pdf,内存,32,64,-50.00%,4.32,瓶颈态,"虽为主流技术, 但配置不足(-50.0% < -30%), 存在性能短板"
四川大学GPU服务器采购项目（第二次）公开招标项目及要求.pdf,硬盘,774144,30720,2420.00%,0.6,控标态,"缺乏行业共识(Lift=0.60<0.7), 疑似排他性参数"
四川文理学院2024年服务器及存储扩容(二次)招标公告.pdf,CPU,16,24,-33.33%,3.06,瓶颈态,"虽为主流技术, 但配置不足(-33.3% < -30%), 存在性能短板"
四川文理学院2024年服务器及存储扩容(二次)招标公告.pdf,内存,32,64,-50.00%,4.32,瓶颈态,"虽为主流技术, 但配置不足(-50.0% < -30%), 存在性能短板"
四川文理学院2024年服务器及存储扩容(二次)招标公告.pdf,硬盘,71680,30720,133.33%,0.6,控标态,"缺乏行业共识(Lift=0.60<0.7), 疑似排他性参数"
吉林师范大学存储服务器升级改造项目.pdf,内存,256,64,300.00%,1.13,冗余态,"虽为主流技术, 但超出宽限阈值(+300.0% > +30%), 存在效能溢出"
吉林师范大学存储服务器升级改造项目.pdf,硬盘,20480,30720,-33.33%,0.6,瓶颈态,"非主流低配(Lift=0.60), 且显著低于基准(-33.3%)"
四川文理学院2025年服务器询价公告.pdf,CPU,32,24,33.33%,5.68,冗余态,"虽为主流技术, 但超出宽限阈值(+33.3% > +30%), 存在效能溢出"
四川文理学院2025年服务器询价公告.pdf,内存,64,64,0.00%,4.7,理想态,"符合行业主流, 数值在容忍区间内(+0.0%)"
四川文理学院2025年服务器询价公告.pdf,硬盘,1024,30720,-96.67%,1.2,瓶颈态,"虽为主流技术, 但配置不足(-96.7% < -30%), 存在性能短板"
吉林交通职业技术学院数据中心机房扩建-超融合服务器平台.pdf,内存,640,64,900.00%,0.19,控标态,"缺乏行业共识(Lift=0.19<0.7), 疑似排他性参数"
吉林交通职业技术学院数据中心机房扩建-超融合服务器平台.pdf,硬盘,4096,30720,-86.67%,4.19,瓶颈态,"虽为主流技术, 但配置不足(-86.7% < -30%), 存在性能短板"
哈尔滨医科大学医工交叉学院采购服务器竞争性磋商.pdf,内存,960,64,1400.00%,1.69,冗余态,"虽为主流技术, 但超出宽限阈值(+1400.0% > +30%), 存在效能溢出"
哈尔滨医科大学医工交叉学院采购服务器竞争性磋商.pdf,硬盘,16384,30720,-46.67%,4.19,瓶颈态,"虽为主流技术, 但配置不足(-46.7% < -30%), 存在性能短板"
吉林省社会科学院-史料与数据中心服务器采购.pdf,CPU,32,24,33.33%,5.68,冗余态,"虽为主流技术, 但超出宽限阈值(+33.3% > +30%), 存在效能溢出"
吉林省社会科学院-史料与数据中心服务器采购.pdf,内存,100,64,56.25%,0.56,控标态,"缺乏行业共识(Lift=0.56<0.7), 疑似排他性参数"
吉林省社会科学院-史料与数据中心服务器采购.pdf,硬盘,10240,30720,-66.67%,1.2,瓶颈态,"虽为主流技术, 但配置不足(-66.7% < -30%), 存在性能短板"
哈尔滨医科大学附属第一医院服务器存储竞争性磋商.pdf,CPU,8,24,-66.67%,2.62,瓶颈态,"虽为主流技术, 但配置不足(-66.7% < -30%), 存在性能短板"
哈尔滨医科大学附属第一医院服务器存储竞争性磋商.pdf,内存,40,64,-37.50%,1.13,瓶颈态,"虽为主流技术, 但配置不足(-37.5% < -30%), 存在性能短板"
哈尔滨医科大学附属第一医院服务器存储竞争性磋商.pdf,硬盘,25600,30720,-16.67%,0.6,控标态,"缺乏行业共识(Lift=0.60<0.7), 疑似排他性参数"
吉林省基础地理信息中心（吉林省测绘档案资料馆）-设备采购-服务器.pdf,CPU,12,24,-50.00%,0.44,瓶颈态,"非主流低配(Lift=0.44), 且显著低于基准(-50.0%)"
吉林省基础地理信息中心（吉林省测绘档案资料馆）-设备采购-服务器.pdf,内存,600,64,837.50%,0.19,控标态,"缺乏行业共识(Lift=0.19<0.7), 疑似排他性参数"
吉林省基础地理信息中心（吉林省测绘档案资料馆）-设备采购-服务器.pdf,硬盘,600,30720,-98.05%,1.2,瓶颈态,"虽为主流技术, 但配置不足(-98.0% < -30%), 存在性能短板"
国家信访局办公室服务器（询价）电子询价需求公告.pdf,CPU,48,24,100.00%,2.18,冗余态,"虽为主流技术, 但超出宽限阈值(+100.0% > +30%), 存在效能溢出"
国家信访局办公室服务器（询价）电子询价需求公告.pdf,内存,1024,64,1500.00%,0.75,冗余态,"虽为主流技术, 但超出宽限阈值(+1500.0% > +30%), 存在效能溢出"
国家信访局办公室服务器（询价）电子询价需求公告.pdf,硬盘,286720,30720,833.33%,2.39,冗余态,"虽为主流技术, 但超出宽限阈值(+833.3% > +30%), 存在效能溢出"
山东省公共卫生临床中心服务器及终端杀毒软件升级项目竞争性磋商.pdf,CPU,16,24,-33.33%,3.06,瓶颈态,"虽为主流技术, 但配置不足(-33.3% < -30%), 存在性能短板"
天津市社会福利院服务器项目采购文件.pdf,CPU,10,24,-58.33%,0.44,瓶颈态,"非主流低配(Lift=0.44), 且显著低于基准(-58.3%)"
天津市社会福利院服务器项目采购文件.pdf,内存,768,64,1100.00%,0.19,控标态,"缺乏行业共识(Lift=0.19<0.7), 疑似排他性参数"
天津市社会福利院服务器项目采购文件.pdf,硬盘,2048,30720,-93.33%,2.39,瓶颈态,"虽为主流技术, 但配置不足(-93.3% < -30%), 存在性能短板"
安徽省儿童医院服务器和存储采购项目.pdf,内存,32,64,-50.00%,4.32,瓶颈态,"虽为主流技术, 但配置不足(-50.0% < -30%), 存在性能短板"
安徽省儿童医院服务器和存储采购项目.pdf,硬盘,960,30720,-96.88%,1.2,瓶颈态,"虽为主流技术, 但配置不足(-96.9% < -30%), 存在性能短板"
山东大学图形图像处理服务器采购公开招标公告.pdf,CPU,16,24,-33.33%,3.06,瓶颈态,"虽为主流技术, 但配置不足(-33.3% < -30%), 存在性能短板"
山东大学图形图像处理服务器采购公开招标公告.pdf,内存,960,64,1400.00%,1.69,冗余态,"虽为主流技术, 但超出宽限阈值(+1400.0% > +30%), 存在效能溢出"
山东大学图形图像处理服务器采购公开招标公告.pdf,硬盘,16384,30720,-46.67%,4.19,瓶颈态,"虽为主流技术, 但配置不足(-46.7% < -30%), 存在性能短板"
山东省纪律检查委员会（山东省监察委员会）机关2025年信息化项目服务器采购.pdf,CPU,32,24,33.33%,5.68,冗余态,"虽为主流技术, 但超出宽限阈值(+33.3% > +30%), 存在效能溢出"
山东省纪律检查委员会（山东省监察委员会）机关2025年信息化项目服务器采购.pdf,内存,480,64,650.00%,1.32,冗余态,"虽为主流技术, 但超出宽限阈值(+650.0% > +30%), 存在效能溢出"
山东省纪律检查委员会（山东省监察委员会）机关2025年信息化项目服务器采购.pdf,硬盘,50278,30720,63.67%,0.6,控标态,"缺乏行业共识(Lift=0.60<0.7), 疑似排他性参数"
成都高新区妇女儿童医院（成都高新区妇幼保健院）服务器.pdf,CPU,16,24,-33.33%,3.06,瓶颈态,"虽为主流技术, 但配置不足(-33.3% < -30%), 存在性能短板"
成都高新区妇女儿童医院（成都高新区妇幼保健院）服务器.pdf,内存,512,64,700.00%,1.88,冗余态,"虽为主流技术, 但超出宽限阈值(+700.0% > +30%), 存在效能溢出"
成都高新区妇女儿童医院（成都高新区妇幼保健院）服务器.pdf,硬盘,147456,30720,380.00%,0.6,控标态,"缺乏行业共识(Lift=0.60<0.7), 疑似排他性参数"
成都市第七人民医院机房服务器及安全设备维保服务(二次)竞争性谈判.pdf,CPU,6,24,-75.00%,0.87,瓶颈态,"虽为主流技术, 但配置不足(-75.0% < -30%), 存在性能短板"
成都市第七人民医院机房服务器及安全设备维保服务(二次)竞争性谈判.pdf,内存,2960,64,4525.00%,0.19,控标态,"缺乏行业共识(Lift=0.19<0.7), 疑似排他性参数"
成都市第七人民医院机房服务器及安全设备维保服务(二次)竞争性谈判.pdf,硬盘,2960,30720,-90.36%,0.6,瓶颈态,"非主流低配(Lift=0.60), 且显著低于基准(-90.4%)"
淮南市农村电影公益放映服务器更新项目.pdf,内存,500,64,681.25%,0.19,控标态,"缺乏行业共识(Lift=0.19<0.7), 疑似排他性参数"
淮南市农村电影公益放映服务器更新项目.pdf,硬盘,500,30720,-98.37%,0.6,瓶颈态,"非主流低配(Lift=0.60), 且显著低于基准(-98.4%)"
清华大学GPU服务器机房设备采购项目.pdf,CPU,4,24,-83.33%,1.97,瓶颈态,"虽为主流技术, 但配置不足(-83.3% < -30%), 存在性能短板"
河北资源环境职业技术学院数据存储服务器.pdf,内存,512,64,700.00%,1.88,冗余态,"虽为主流技术, 但超出宽限阈值(+700.0% > +30%), 存在效能溢出"
河北资源环境职业技术学院数据存储服务器.pdf,硬盘,12288,30720,-60.00%,1.8,瓶颈态,"虽为主流技术, 但配置不足(-60.0% < -30%), 存在性能短板"
涡阳县人民医院改扩建工程（一期）超融合一体机服务器等信息化设备采购项目.pdf,CPU,32,24,33.33%,5.68,冗余态,"虽为主流技术, 但超出宽限阈值(+33.3% > +30%), 存在效能溢出"
涡阳县人民医院改扩建工程（一期）超融合一体机服务器等信息化设备采购项目.pdf,内存,512,64,700.00%,1.88,冗余态,"虽为主流技术, 但超出宽限阈值(+700.0% > +30%), 存在效能溢出"
涡阳县人民医院改扩建工程（一期）超融合一体机服务器等信息化设备采购项目.pdf,硬盘,24576,30720,-20.00%,1.2,理想态,"符合行业主流, 数值在容忍区间内(-20.0%)"
清镇市中医院医院关于采购信息化服务器的项目.pdf,CPU,24,24,0.00%,1.97,理想态,"符合行业主流, 数值在容忍区间内(+0.0%)"
清镇市中医院医院关于采购信息化服务器的项目.pdf,内存,64,64,0.00%,4.7,理想态,"符合行业主流, 数值在容忍区间内(+0.0%)"
清镇市中医院医院关于采购信息化服务器的项目.pdf,硬盘,26214,30720,-14.67%,1.2,理想态,"符合行业主流, 数值在容忍区间内(-14.7%)"
日照市人民法院服务器虚拟软件采购项目竞争性谈判.pdf,CPU,20,24,-16.67%,0.44,控标态,"缺乏行业共识(Lift=0.44<0.7), 疑似排他性参数"
滁州市公安局服务器更新采购项目竞争性谈判.pdf,CPU,16,24,-33.33%,3.06,瓶颈态,"虽为主流技术, 但配置不足(-33.3% < -30%), 存在性能短板"
滁州市公安局服务器更新采购项目竞争性谈判.pdf,内存,32,64,-50.00%,4.32,瓶颈态,"虽为主流技术, 但配置不足(-50.0% < -30%), 存在性能短板"
滁州市公安局服务器更新采购项目竞争性谈判.pdf,硬盘,2457,30720,-92.00%,0.6,瓶颈态,"非主流低配(Lift=0.60), 且显著低于基准(-92.0%)"
温岭市公安局交通警察大队非国产化服务器改造采购项目.pdf,CPU,8,24,-66.67%,2.62,瓶颈态,"虽为主流技术, 但配置不足(-66.7% < -30%), 存在性能短板"
温岭市公安局交通警察大队非国产化服务器改造采购项目.pdf,内存,64,64,0.00%,4.7,理想态,"符合行业主流, 数值在容忍区间内(+0.0%)"
温岭市公安局交通警察大队非国产化服务器改造采购项目.pdf,硬盘,38912,30720,26.67%,1.2,理想态,"符合行业主流, 数值在容忍区间内(+26.7%)"
温岭市公安局交通警察大队非国产化服务器改造采购项目的公开招标公告.pdf,CPU,8,24,-66.67%,2.62,瓶颈态,"虽为主流技术, 但配置不足(-66.7% < -30%), 存在性能短板"
温岭市公安局交通警察大队非国产化服务器改造采购项目的公开招标公告.pdf,内存,64,64,0.00%,4.7,理想态,"符合行业主流, 数值在容忍区间内(+0.0%)"
温岭市公安局交通警察大队非国产化服务器改造采购项目的公开招标公告.pdf,硬盘,38912,30720,26.67%,1.2,理想态,"符合行业主流, 数值在容忍区间内(+26.7%)"
牡丹江医科大学附属红旗医院人工智能AI集群服务器.pdf,CPU,32,24,33.33%,5.68,冗余态,"虽为主流技术, 但超出宽限阈值(+33.3% > +30%), 存在效能溢出"
牡丹江医科大学附属红旗医院人工智能AI集群服务器.pdf,内存,200,64,212.50%,0.56,控标态,"缺乏行业共识(Lift=0.56<0.7), 疑似排他性参数"
牡丹江医科大学附属红旗医院人工智能AI集群服务器.pdf,硬盘,57344,30720,86.67%,0.6,控标态,"缺乏行业共识(Lift=0.60<0.7), 疑似排他性参数"
福州大学服务器直接订购采购合同.pdf,CPU,24,24,0.00%,1.97,理想态,"符合行业主流, 数值在容忍区间内(+0.0%)"
福州大学服务器直接订购采购合同.pdf,内存,960,64,1400.00%,1.69,冗余态,"虽为主流技术, 但超出宽限阈值(+1400.0% > +30%), 存在效能溢出"
福州大学服务器直接订购采购合同.pdf,硬盘,8192,30720,-73.33%,3.59,瓶颈态,"虽为主流技术, 但配置不足(-73.3% < -30%), 存在性能短板"
石家庄邮电职业技术学院2025年实训室教学用计算机、服务器采购项目.pdf,CPU,16,24,-33.33%,3.06,瓶颈态,"虽为主流技术, 但配置不足(-33.3% < -30%), 存在性能短板"
石家庄邮电职业技术学院2025年实训室教学用计算机、服务器采购项目.pdf,内存,16,64,-75.00%,1.88,瓶颈态,"虽为主流技术, 但配置不足(-75.0% < -30%), 存在性能短板"
石家庄邮电职业技术学院2025年实训室教学用计算机、服务器采购项目.pdf,硬盘,3276800,30720,10566.67%,0.6,控标态,"缺乏行业共识(Lift=0.60<0.7), 疑似排他性参数"
芜湖职业技术学院教务处南区公共机房云管理平台及服务器采购项目.pdf,CPU,8,24,-66.67%,2.62,瓶颈态,"虽为主流技术, 但配置不足(-66.7% < -30%), 存在性能短板"
芜湖职业技术学院教务处南区公共机房云管理平台及服务器采购项目.pdf,内存,32,64,-50.00%,4.32,瓶颈态,"虽为主流技术, 但配置不足(-50.0% < -30%), 存在性能短板"
芜湖职业技术学院教务处南区公共机房云管理平台及服务器采购项目.pdf,硬盘,6144,30720,-80.00%,1.8,瓶颈态,"虽为主流技术, 但配置不足(-80.0% < -30%), 存在性能短板"
贵州财经职业学院国产化服务器集群建设项目竞争性磋商.pdf,CPU,64,24,166.67%,1.75,冗余态,"虽为主流技术, 但超出宽限阈值(+166.7% > +30%), 存在效能溢出"
贵州财经职业学院国产化服务器集群建设项目竞争性磋商.pdf,内存,32,64,-50.00%,4.32,瓶颈态,"虽为主流技术, 但配置不足(-50.0% < -30%), 存在性能短板"
贵州财经职业学院国产化服务器集群建设项目竞争性磋商.pdf,硬盘,8192,30720,-73.33%,3.59,瓶颈态,"虽为主流技术, 但配置不足(-73.3% < -30%), 存在性能短板"
贵州师范学院关于贵州师范学院评卷服务器机房改扩建项目.pdf,CPU,12,24,-50.00%,0.44,瓶颈态,"非主流低配(Lift=0.44), 且显著低于基准(-50.0%)"
贵州师范学院关于贵州师范学院评卷服务器机房改扩建项目.pdf,内存,256,64,300.00%,1.13,冗余态,"虽为主流技术, 但超出宽限阈值(+300.0% > +30%), 存在效能溢出"
贵州师范学院关于贵州师范学院评卷服务器机房改扩建项目.pdf,硬盘,53248020725767168,30720,173333400799923.00%,0.6,控标态,"缺乏行业共识(Lift=0.60<0.7), 疑似排他性参数"
阿坝藏族羌族自治州公安局智能化卷宗子系统GPU服务器采购项目询价公告.pdf,CPU,32,24,33.33%,5.68,冗余态,"虽为主流技术, 但超出宽限阈值(+33.3% > +30%), 存在效能溢出"
阿坝藏族羌族自治州公安局智能化卷宗子系统GPU服务器采购项目询价公告.pdf,内存,256,64,300.00%,1.13,冗余态,"虽为主流技术, 但超出宽限阈值(+300.0% > +30%), 存在效能溢出"
阿坝藏族羌族自治州公安局智能化卷宗子系统GPU服务器采购项目询价公告.pdf,硬盘,196608,30720,540.00%,1.8,冗余态,"虽为主流技术, 但超出宽限阈值(+540.0% > +30%), 存在效能溢出"
贵州广播电视台关于播出系统视频服务器更新项目.pdf,内存,32,64,-50.00%,4.32,瓶颈态,"虽为主流技术, 但配置不足(-50.0% < -30%), 存在性能短板"
贵州广播电视台关于播出系统视频服务器更新项目.pdf,硬盘,36864,30720,20.00%,0.6,控标态,"缺乏行业共识(Lift=0.60<0.7), 疑似排他性参数"
郑州警察学院服务器采购项目采购文件.pdf,CPU,32,24,33.33%,5.68,冗余态,"虽为主流技术, 但超出宽限阈值(+33.3% > +30%), 存在效能溢出"
郑州警察学院服务器采购项目采购文件.pdf,内存,64,64,0.00%,4.7,理想态,"符合行业主流, 数值在容忍区间内(+0.0%)"
郑州警察学院服务器采购项目采购文件.pdf,硬盘,480,30720,-98.44%,0.6,瓶颈态,"非主流低配(Lift=0.60), 且显著低于基准(-98.4%)"
重庆出入境边防检查总站服务器（询价）电子询价需求公告.pdf,内存,256,64,300.00%,1.13,冗余态,"虽为主流技术, 但超出宽限阈值(+300.0% > +30%), 存在效能溢出"
重庆出入境边防检查总站服务器（询价）电子询价需求公告.pdf,硬盘,1228,30720,-96.00%,1.2,瓶颈态,"虽为主流技术, 但配置不足(-96.0% < -30%), 存在性能短板"
陕西省结核病防治院服务器采购项目.pdf,内存,32,64,-50.00%,4.32,瓶颈态,"虽为主流技术, 但配置不足(-50.0% < -30%), 存在性能短板"
陕西省高速公路收费中心数据库服务器采购项目.pdf,CPU,76,24,216.67%,0.22,控标态,"缺乏行业共识(Lift=0.22<0.7), 疑似排他性参数"
酒泉市中医医院信息系统配套服务器建设项目公开招标.pdf,CPU,13,24,-45.83%,0.22,瓶颈态,"非主流低配(Lift=0.22), 且显著低于基准(-45.8%)"
酒泉市中医医院信息系统配套服务器建设项目公开招标.pdf,内存,512,64,700.00%,1.88,冗余态,"虽为主流技术, 但超出宽限阈值(+700.0% > +30%), 存在效能溢出"
酒泉市中医医院信息系统配套服务器建设项目公开招标.pdf,硬盘,18432,30720,-40.00%,1.2,瓶颈态,"虽为主流技术, 但配置不足(-40.0% < -30%), 存在性能短板"
青海省心脑血管病专科医院Pacs系统存储及服务器采购项目询比.pdf,CPU,10,24,-58.33%,0.44,瓶颈态,"非主流低配(Lift=0.44), 且显著低于基准(-58.3%)"
青海省心脑血管病专科医院Pacs系统存储及服务器采购项目询比.pdf,内存,16,64,-75.00%,1.88,瓶颈态,"虽为主流技术, 但配置不足(-75.0% < -30%), 存在性能短板"
青海省心脑血管病专科医院Pacs系统存储及服务器采购项目询比.pdf,硬盘,18432,30720,-40.00%,1.2,瓶颈态,"虽为主流技术, 但配置不足(-40.0% < -30%), 存在性能短板"
马鞍山市人民医院东院灾备中心服务器采购招标公告.pdf,CPU,16,24,-33.33%,3.06,瓶颈态,"虽为主流技术, 但配置不足(-33.3% < -30%), 存在性能短板"
马鞍山市人民医院东院灾备中心服务器采购招标公告.pdf,内存,512,64,700.00%,1.88,冗余态,"虽为主流技术, 但超出宽限阈值(+700.0% > +30%), 存在效能溢出"
马鞍山市人民医院东院灾备中心服务器采购招标公告.pdf,硬盘,512,30720,-98.33%,0.6,瓶颈态,"非主流低配(Lift=0.60), 且显著低于基准(-98.3%)"
鸡西市民康医院购买服务器(三次)竞争性谈判公告.pdf,CPU,32,24,33.33%,5.68,冗余态,"虽为主流技术, 但超出宽限阈值(+33.3% > +30%), 存在效能溢出"
鸡西市民康医院购买服务器(三次)竞争性谈判公告.pdf,内存,128,64,100.00%,0.38,控标态,"缺乏行业共识(Lift=0.38<0.7), 疑似排他性参数"
鸡西市民康医院购买服务器(三次)竞争性谈判公告.pdf,硬盘,4096,30720,-86.67%,4.19,瓶颈态,"虽为主流技术, 但配置不足(-86.7% < -30%), 存在性能短板"
黄平县人民医院服务器采购项目.pdf,CPU,32,24,33.33%,5.68,冗余态,"虽为主流技术, 但超出宽限阈值(+33.3% > +30%), 存在效能溢出"
黄平县人民医院服务器采购项目.pdf,内存,25,64,-60.94%,1.88,瓶颈态,"虽为主流技术, 但配置不足(-60.9% < -30%), 存在性能短板"
黄平县人民医院服务器采购项目.pdf,硬盘,185344,30720,503.33%,0.6,控标态,"缺乏行业共识(Lift=0.60<0.7), 疑似排他性参数"
黑河市公安局购买服务器和对接配件竞争性谈判公告.pdf,CPU,16,24,-33.33%,3.06,瓶颈态,"虽为主流技术, 但配置不足(-33.3% < -30%), 存在性能短板"
黑河市公安局购买服务器和对接配件竞争性谈判公告.pdf,内存,32,64,-50.00%,4.32,瓶颈态,"虽为主流技术, 但配置不足(-50.0% < -30%), 存在性能短板"
黑河市公安局购买服务器和对接配件竞争性谈判公告.pdf,硬盘,2048,30720,-93.33%,2.39,瓶颈态,"虽为主流技术, 但配置不足(-93.3% < -30%), 存在性能短板"
青岛科技大学专业实训教学服务器采购项目竞争性磋商文件.pdf,CPU,20,24,-16.67%,0.44,控标态,"缺乏行业共识(Lift=0.44<0.7), 疑似排他性参数"
青岛科技大学专业实训教学服务器采购项目竞争性磋商文件.pdf,内存,960,64,1400.00%,1.69,冗余态,"虽为主流技术, 但超出宽限阈值(+1400.0% > +30%), 存在效能溢出"
青岛科技大学专业实训教学服务器采购项目竞争性磋商文件.pdf,硬盘,92160,30720,200.00%,0.6,控标态,"缺乏行业共识(Lift=0.60<0.7), 疑似排他性参数"
天津市第五中心医院采购高性能服务器系统项目.docx,CPU,4,24,-83.33%,1.97,瓶颈态,"虽为主流技术, 但配置不足(-83.3% < -30%), 存在性能短板"
天津市第五中心医院采购高性能服务器系统项目.docx,内存,40,64,-37.50%,1.13,瓶颈态,"虽为主流技术, 但配置不足(-37.5% < -30%), 存在性能短板"
天津市第五中心医院采购高性能服务器系统项目.docx,硬盘,81920,30720,166.67%,3.59,冗余态,"虽为主流技术, 但超出宽限阈值(+166.7% > +30%), 存在效能溢出"
